<?xml version="1.0" encoding="UTF-8"?>
<!DOCTYPE mapper PUBLIC "-//mybatis.org//DTD Mapper 3.0//EN" "http://mybatis.org/dtd/mybatis-3-mapper.dtd">

<mapper namespace="com.zsy.coupon.dao.HomeSubjectDao">

	<!-- 可根据自己的需求，是否要使用 -->
    <resultMap type="com.zsy.coupon.entity.HomeSubjectEntity" id="homeSubjectMap">
        <result property="id" column="id"/>
        <result property="name" column="name"/>
        <result property="title" column="title"/>
        <result property="subTitle" column="sub_title"/>
        <result property="status" column="status"/>
        <result property="url" column="url"/>
        <result property="sort" column="sort"/>
        <result property="img" column="img"/>
    </resultMap>


</mapper>
