<?xml version="1.0" encoding="UTF-8"?>
<!DOCTYPE mapper PUBLIC "-//mybatis.org//DTD Mapper 3.0//EN" "http://mybatis.org/dtd/mybatis-3-mapper.dtd">

<mapper namespace="com.zsy.product.dao.SpuInfoDao">

    <!-- 可根据自己的需求，是否要使用 -->
    <resultMap type="com.zsy.product.entity.SpuInfoEntity" id="spuInfoMap">
        <result property="id" column="id"/>
        <result property="spuName" column="spu_name"/>
        <result property="spuDescription" column="spu_description"/>
        <result property="catalogId" column="catalog_id"/>
        <result property="brandId" column="brand_id"/>
        <result property="weight" column="weight"/>
        <result property="publishStatus" column="publish_status"/>
        <result property="createTime" column="create_time"/>
        <result property="updateTime" column="update_time"/>
    </resultMap>
    <update id="updaSpuStatus">
        UPDATE pms_spu_info
        SET publish_status = #{code},
            update_time    = NOW()
        WHERE id = #{spuId}
    </update>

</mapper>
